older_cohort,newer_cohort,contrast,dimension,dimension_label,family,direction_semantics,older_n,newer_n,older_mean,newer_mean,older_sd,newer_sd,older_median,newer_median,mean_delta,hedges_g,effect_magnitude,cliffs_delta,wasserstein_1,sd_ratio_newer_to_older,row_welch_normal_approx_p,older_source_units,newer_source_units,older_source_macro_mean,newer_source_macro_mean,source_macro_delta,source_macro_welch_normal_approx_p,ci90_low,ci90_high,ci95_low,ci95_high,equivalence_band_raw,equivalence_status,practical_direction,row_bh_q_60_tests,source_macro_bh_q_60_tests
V0,V1,V1-V0,D,Intrinsic difficulty,intrinsic,burden,5426,3359,5.7153888684113525,5.775349806490027,0.6187433421119471,0.4504510888384969,5.6,5.8,0.05996093807867453,0.10698755988088283,very_small,0.1076287777625004,0.16005877668601234,0.728009593284639,1.6098331399088366e-07,99,162,5.7144339002525895,5.825730022902114,0.1112961226495246,0.0677359154089424,0.007786864547657315,0.20655117250954871,-0.014109864663974124,0.22677374956344398,0.11207997976805284,inconclusive_source_macro,newer higher / more burdensome,2.476666369090518e-07,0.10695144538254064
V0,V1,V1-V0,CG,Conceptual gap,intrinsic,burden,5426,3359,2.4593623295245117,2.407859481988687,0.2978538885486151,0.2626958044368071,2.5,2.5,-0.05150284753582479,-0.18074411230064624,very_small,-0.09772706298618222,0.06481475791583574,0.8819619771186249,2.2700037756733287e-17,99,162,2.4595472706255768,2.4030133385121677,-0.05653393211340907,0.024899040060188834,-0.098754639603933,-0.017371550078883205,-0.10773096571041639,-0.011012399387173565,0.056984926160932294,inconclusive_source_macro,newer lower / less burdensome,4.0058890158941095e-17,0.04668570011285406
V0,V1,V1-V0,RG,Route gap,intrinsic,burden,5426,3359,2.4043494286767415,2.1738612682345937,0.2709795691733068,0.3023459099126635,2.5,2.0,-0.23048816044214782,-0.8132782262582765,large,-0.4396720628967492,0.2333516625265953,1.1157516813354154,1.7215041223467966e-285,99,162,2.4227565384136933,2.1921931332893494,-0.23056340512434392,1.145059577838715e-22,-0.2718027509731551,-0.19354620145122228,-0.2804394576239473,-0.18604719381086796,0.05667641664109984,different_source_macro,newer lower / less burdensome,1.47557496201154e-284,7.633730518924767e-22
V0,V1,V1-V0,TD,Technical depth,intrinsic,burden,5426,3359,2.663287873203096,2.869604048824055,0.49230520381528053,0.4848467867343168,2.5,3.0,0.20631617562095883,0.4214758829632991,small,0.24029248651948373,0.21221409009820835,0.9848500137248961,9.910313828030018e-83,99,162,2.6527519856175683,2.96902910741191,0.31627712179434164,1.1590524125965557e-09,0.22971761833005566,0.4009004255858149,0.2153843427086639,0.4170068808899769,0.09789341011385044,different_source_macro,newer higher / more burdensome,2.9730941484090054e-82,3.8635080419885194e-09
V0,V1,V1-V0,KB,Known barrier,intrinsic,burden,5426,3359,1.2422594913380023,1.461446859184281,0.47495814002041176,0.2912038680253708,1.0,1.5,0.2191873678462788,0.5288335189122714,moderate,0.3997771527099791,0.2894633273663781,0.6131148063129438,2.2210803780173785e-158,99,162,1.2354533774190073,1.4510707661105071,0.21561738869149982,3.375145932845798e-05,0.12512253861957304,0.29628839142838964,0.10641434385589767,0.31097108538297985,0.08288757901166184,different_source_macro,newer higher / more burdensome,1.2114983880094791e-157,8.100350238829916e-05
V0,V1,V1-V0,SS,Search scale,intrinsic,burden,5426,3359,2.8438997419830447,2.8655849955343853,0.3455532080937704,0.3198615066054587,3.0,3.0,0.021685253551340544,0.06454112210561418,negligible,0.015126412725954127,0.021685253551340634,0.9256505195537357,0.002754923014960554,99,162,2.8338642440597583,2.8632607683867572,0.029396524326998907,0.20884775152403753,-0.008214714150643076,0.06861200391941495,-0.01596280003170255,0.07613390862173634,0.06719251552794801,inconclusive_source_macro,newer higher / more burdensome,0.0035933778456007227,0.26661415088175006
V0,V1,V1-V0,AI_adj,AI-relative adjustment,protocol,burden,5426,3359,-0.1690011057869517,-0.13694551949985115,0.850700550128869,0.6777553476042041,-0.5,-0.5,0.03205558628710056,0.040621198864502626,negligible,0.06106979208857006,0.14949785289467205,0.7967026088105078,0.05113077578987362,99,162,-0.1464633610581717,-0.09777394961431236,0.04868941144385934,0.5708534862918228,-0.090190964596201,0.19224644010746217,-0.11692853820658028,0.22009908760642374,0.15781340682702605,inconclusive_source_macro,newer higher / more burdensome,0.05788389712061165,0.6462492297643276
V0,V1,V1-V0,AI_D,AI difficulty,protocol,burden,5426,3359,5.544047180243273,5.638285203929741,1.3448911849441332,1.021341146519781,5.4,5.6,0.09423802368646861,0.07653079046725189,negligible,0.09515627566740886,0.2929984383790702,0.7594228871105342,0.00020417046278364302,99,162,5.555050297213072,5.727718903300802,0.17266860608772916,0.18112031037114415,-0.03607593496900549,0.38320248957996267,-0.08221975314026221,0.4248166124740675,0.2462537644956465,inconclusive_source_macro,newer higher / more burdensome,0.00027222728371152405,0.2362438830927967
V0,V1,V1-V0,H,Human-effort prior,context,context,5426,3359,1.860486546258754,1.844298898481691,1.5091358234884011,0.50887546200093,1.0,2.0,-0.016187647777063052,-0.013190795003737982,negligible,0.25929507919868466,0.766058573459116,0.3371965956150011,0.46769166675867024,99,162,1.5716641946496626,1.8232244607003572,0.2515602660506946,0.03559521602586986,0.04859110171507624,0.43444395914881007,0.005386603685741593,0.461616305997185,0.24541758754807655,inconclusive_source_macro,newer lower (context signal),0.4838189656124175,0.061020370330062614
V0,V1,V1-V0,X,Exposure,context,context,5426,3359,1.488020641356432,3.0014885382554333,0.7436020616684939,0.05174891650994439,1.0,3.0,1.5134678968990012,2.585634420286761,large,0.8874830228179252,1.5558280854084074,0.06959221763563996,0.0,99,162,1.3122868255568154,3.001048979262487,1.6887621537056716,9.178950499031543e-107,1.5529724572602404,1.8049222370606413,1.5219891259551865,1.82111057718447,0.11705743417865629,different_source_macro,newer higher (context signal),0.0,1.3768425748547316e-105
V0,V1,V1-V0,T,100-hour tractability,protocol,favorable,5408,2817,4.692862426035503,5.697195598154065,1.4921559584741866,1.0184219084808608,5.0,6.0,1.004333172118562,0.7445502943953389,moderate,0.40367371443035,1.0074559862668118,0.6825170671316787,3.1408176614313138e-283,99,159,4.490376473485632,5.650498542412764,1.1601220689271319,2.3760717862480685e-19,0.9459495736741351,1.3773803636536641,0.9089387368769636,1.4153723121305504,0.26975788582353055,different_source_macro,newer higher / more favorable,2.3556132460734852e-282,1.2960391561353102e-18
V0,V1,V1-V0,V_true,Verification if true,execution,burden,5426,3359,5.48315517876889,5.6674903245013395,1.206399249420634,1.2154173815551612,5.7,5.8,0.18433514573244913,0.1523483323321897,very_small,0.11104506358905941,0.19010526428988492,1.0074752468047856,4.278026778429282e-12,99,162,5.579484960596762,5.709023604599881,0.12953864400311854,0.1564769157195949,-0.021071785001529307,0.2811282701178412,-0.04652546482082522,0.3142851671906929,0.24197101690933495,inconclusive_source_macro,newer higher / more burdensome,7.1300446307154695e-12,0.20863588762612653
V0,V1,V1-V0,V_false,Verification if false,execution,burden,5426,3359,5.2993180980464425,5.518993748139328,0.8276609066511886,0.795929975668072,5.3,5.4,0.2196756500928858,0.26929462212481176,small,0.16690080190129075,0.21967565009288417,0.9616619188750818,3.3400214697214794e-35,99,162,5.397874654179925,5.581483426649648,0.1836087724697224,0.020131910845966876,0.05496112056436453,0.31684994472504846,0.0338041384616805,0.33831928007032686,0.16313500004644155,inconclusive_source_macro,newer higher / more burdensome,7.422269932714398e-35,0.04026382169193375
V0,V1,V1-V0,F,Formalization burden,execution,burden,5426,3359,5.541909325469959,5.86883000893123,1.6257280436089592,1.4355590583416025,5.8,6.0,0.326920683461271,0.21011665599815485,small,0.11159724379557173,0.33676362484358824,0.8830253399300415,6.571067103899676e-23,99,162,5.823198838040957,5.95341584688874,0.13021700884778298,0.4742715321047231,-0.17005640020844237,0.41993900692279745,-0.2299406807505446,0.48223427656499096,0.311153596677908,inconclusive_source_macro,newer higher / more burdensome,1.2320750819811893e-22,0.5579665083584978
V0,V1,V1-V0,P,Prerequisite preparation,execution,burden,5426,3359,6.565241430151124,7.0824947901161055,0.9727536603047153,1.0555577257854751,6.6,7.0,0.5172533599649816,0.5145244966209701,moderate,0.26933593636408426,0.5172987238953022,1.0851233656163488,5.5424892187143366e-117,99,162,6.579609147022214,7.259667730087678,0.6800585830654633,4.52829359509288e-09,0.4891107434767573,0.8603026585831802,0.4499146064989113,0.8976676348022721,0.20104356262292533,different_source_macro,newer higher / more burdensome,1.8474964062381122e-116,1.4299874510819624e-08
V0,V1,V1-V0,B,Breadth,execution,burden,5426,3359,1.8750460744563213,2.430782971122358,1.0779124079288984,0.8579337618498545,1.0,2.0,0.5557368966660365,0.5559446428976771,moderate,0.36532256728242296,0.556616632102366,0.7959215939431377,4.845065857142828e-157,99,162,1.6078226172394607,2.569054182137151,0.9612315648976903,2.9808795099257834e-25,0.8168676892587868,1.1076050608225434,0.7910043802091279,1.1321051131251667,0.19990819114766278,different_source_macro,newer higher / more burdensome,2.422532928571414e-156,2.2356596324443376e-24
V0,V1,V1-V0,L,Tool leverage,execution,favorable,5426,3359,4.864891264283082,4.803542721047931,1.1257294029362448,1.119759695358018,4.5,4.5,-0.06134854323515082,-0.05460257534453183,negligible,-0.052403295216585336,0.13301861512282434,0.9946970314867356,0.012760248969617355,99,162,4.822826362568359,4.889621899961686,0.06679553739332622,0.4849896660488218,-0.09145333736118193,0.22418266945946516,-0.1229406964328704,0.2608216811932859,0.22469015063757258,practically_equivalent_source_macro,newer lower / less favorable,0.015950311212021694,0.5596034608255637
V0,V1,V1-V0,ambiguity,Ambiguity,context,burden,5426,3359,2.18046443051972,1.9060434653170588,1.0596242469069856,1.1607702303177998,2.3,1.5,-0.27442096520266124,-0.24958965162812238,small,-0.33253478257959235,0.36825549790754203,1.0954545761915666,9.094151745054183e-29,99,162,2.3283667699775106,2.070094225431433,-0.2582725445460774,0.00156045245450422,-0.3857800607039291,-0.12054742233769726,-0.4140502042847247,-0.09308118305396831,0.21987893274110776,inconclusive_source_macro,newer lower / less burdensome,1.8188303490108365e-28,0.003343826688223329
V0,V1,V1-V0,literature,Literature load,context,context,5426,3359,2.782620715075562,2.063590354272105,1.0455568607300392,0.27475534643627625,2.5,2.0,-0.719030360803457,-0.8568309548333753,large,-0.7763829277555817,0.7190303608034574,0.26278374400836874,0.0,99,162,2.6729391098883184,2.142636133822266,-0.5303029760660523,9.506003490769328e-12,-0.665566166124096,-0.4142217607860284,-0.6996479812312638,-0.3987934200579181,0.16782049140276395,different_source_macro,newer lower (context signal),0.0,4.074001496043997e-11
V0,V1,V1-V0,collection_prior,Collection-barrier prior,context,context,5426,3359,5.6762255805381505,6.147305745757666,0.9643997775068143,0.7010060661395698,5.6,6.0,0.4710801652195151,0.5394845741835276,moderate,0.6377480023794665,0.5815299451868972,0.7268832723622405,6.346048633351222e-154,99,162,5.739817472790887,6.099720419307435,0.35990294651654775,8.795353129389626e-06,0.22637748530092497,0.48349234451079853,0.19432633726718923,0.5055388531320928,0.17462591518920964,different_source_macro,newer higher (context signal),2.928945523085179e-153,2.2944399467972938e-05
V0,V2,V2-V0,D,Intrinsic difficulty,intrinsic,burden,5426,6673,5.7153888684113525,5.831440131874719,0.6187433421119471,0.537734369784882,5.6,5.9,0.11605126346336636,0.20164900114686646,small,0.14714025730108554,0.13756089934245472,0.8690749995780828,1.5256370071502149e-27,99,1106,5.7144339002525895,5.833157952909803,0.11872405265721397,0.03513318723737987,0.018789407337219143,0.20211450495213884,-0.004061118460346557,0.2166905426777719,0.11509510844154709,inconclusive_source_macro,newer higher / more burdensome,2.9528458202907384e-27,0.061020370330062614
V0,V2,V2-V0,CG,Conceptual gap,intrinsic,burden,5426,6673,2.4593623295245117,2.4862130975573207,0.2978538885486151,0.2984350682381807,2.5,2.5,0.026850768032808947,0.0900449121752286,negligible,0.03691485716656165,0.027276147188368544,1.0019512241132644,8.342171100797321e-07,99,1106,2.4595472706255768,2.486870850851002,0.027323580225425026,0.23414375754979547,-0.012566382711422453,0.06372542418203804,-0.020866051450204034,0.06953133162479633,0.05963491469593018,inconclusive_source_macro,newer higher / more burdensome,1.2513256651195981e-06,0.2926796969372443
V0,V2,V2-V0,RG,Route gap,intrinsic,burden,5426,6673,2.4043494286767415,2.3129776712123484,0.2709795691733068,0.29307968794879163,2.5,2.5,-0.09137175746439308,-0.3224132531867013,small,-0.17924080674778053,0.09973589041755704,1.0815564023623883,9.83390569651528e-71,99,1106,2.4227565384136933,2.3161451807929643,-0.10661135762072904,4.826287322941076e-07,-0.14271555905270195,-0.07395406197881868,-0.1497755650693629,-0.06821508064947325,0.056676387525045314,different_source_macro,newer lower / less burdensome,2.6819742808678037e-70,1.31626017898393e-06
V0,V2,V2-V0,TD,Technical depth,intrinsic,burden,5426,6673,2.663287873203096,2.7244118087816576,0.49230520381528053,0.49354242993718545,2.5,2.5,0.06112393557856155,0.12397898052972947,very_small,0.07503277341740974,0.07702947588659183,1.002513128263355,1.1654951717889649e-11,99,1106,2.6527519856175683,2.723586463372471,0.07083447775490281,0.0729588442635765,0.00463247218788645,0.13488376295229756,-0.007871704662608125,0.14930345426168104,0.09859759392410883,inconclusive_source_macro,newer higher / more burdensome,1.8899921704685914e-11,0.1122443757901177
V0,V2,V2-V0,KB,Known barrier,intrinsic,burden,5426,6673,1.2422594913380023,1.4579649333133524,0.47495814002041176,0.4643235913145038,1.0,1.5,0.21570544197535013,0.4597776520023549,small,0.28777943850503834,0.23179428584496034,0.9776095032175869,5.641209834300756e-139,99,1106,1.2354533774190073,1.4528701763146425,0.21741679889563525,1.9396519125959676e-05,0.12827601231091176,0.29640793233786306,0.11262970467230646,0.30895274770797626,0.09382451159679045,different_source_macro,newer higher / more burdensome,2.2564839337203024e-138,4.8491297814899187e-05
V0,V2,V2-V0,SS,Search scale,intrinsic,burden,5426,6673,2.8438997419830447,2.858834107597782,0.3455532080937704,0.3184291784529402,3.0,3.0,0.014934365614737377,0.045134092443979555,negligible,0.01043289192259613,0.02024655088539461,0.9215054903108592,0.01434391389165395,99,1106,2.8338642440597583,2.8706092902161684,0.036745046156410055,0.0633321685249595,0.005318222226114867,0.06941446967853493,-0.00019060719328076688,0.07548302066581795,0.06617365664659276,inconclusive_source_macro,newer higher / more burdensome,0.01721269666998474,0.10270081382425865
V0,V2,V2-V0,AI_adj,AI-relative adjustment,protocol,burden,5426,6673,-0.1690011057869517,-0.10040461561516559,0.850700550128869,0.7192673075865923,-0.5,0.0,0.06859649017178612,0.08783178253493082,negligible,0.08064467395855986,0.13993491107885403,0.8454999911280574,2.3186119588775732e-06,99,1106,-0.1464633610581717,-0.023568011164073022,0.12289534989409868,0.09292593899269364,-0.0010377384198479668,0.23702280431697317,-0.025012718440037076,0.2599697880328098,0.1561900150520349,inconclusive_source_macro,newer higher / more burdensome,3.393090671528156e-06,0.13938890848904045
V0,V2,V2-V0,AI_D,AI difficulty,protocol,burden,5426,6673,5.544047180243273,5.730256256556271,1.3448911849441332,1.100536798237466,5.4,5.6,0.18620907631299843,0.15309698548161563,very_small,0.1308949826083945,0.2753180497694165,0.8183091766514794,2.2764233850409954e-16,99,1106,5.555050297213072,5.808309494885805,0.2532591976727323,0.02323270870699922,0.07715500616848778,0.43823956421218063,0.04010772996085893,0.4782990080348114,0.24324127707862184,inconclusive_source_macro,newer higher / more burdensome,3.9024400886417063e-16,0.04496653298128881
V0,V2,V2-V0,H,Human-effort prior,context,context,5426,6673,1.860486546258754,3.6051251311254306,1.5091358234884011,0.7616505883817728,1.0,4.0,1.7446385848666766,1.5063055700383283,large,0.7885032624830223,1.9367719814720061,0.5046932002589406,0.0,99,1106,1.5716641946496626,3.636867476216315,2.065203281566652,1.6410166882519925e-68,1.8578579686155394,2.245433319464414,1.8033531263169205,2.272414339229688,0.23163034801945123,different_source_macro,newer higher (context signal),0.0,1.969220025902391e-67
V0,V2,V2-V0,X,Exposure,context,context,5426,6673,1.488020641356432,3.0038962985164095,0.7436020616684939,0.0881962673276459,1.0,3.0,1.5158756571599774,3.0179376497314276,large,0.8875976042442687,1.5534203251474312,0.11860680849882418,0.0,99,1106,1.3122868255568154,3.0029439575278447,1.6906571319710293,5.468616615954127e-107,1.55384358251484,1.809985582641092,1.526360972526254,1.8325548980070312,0.10045149029610714,different_source_macro,newer higher (context signal),0.0,1.0937233231908254e-105
V0,V2,V2-V0,T,100-hour tractability,protocol,favorable,5408,6606,4.692862426035503,5.316227671813503,1.4921559584741866,1.1082513723210838,5.0,5.0,0.6233652457780003,0.4812516031945133,small,0.24843600805794266,0.628973940222892,0.7427181897623713,2.0183656636249113e-143,99,1103,4.490376473485632,5.226892200644637,0.7365157271590048,2.0837591120991218e-11,0.5520969078992997,0.921309844682881,0.5157210367605304,0.9536767238545404,0.25904384293948585,different_source_macro,newer higher / more favorable,8.650138558392476e-143,8.335036448396487e-11
V0,V2,V2-V0,V_true,Verification if true,execution,burden,5426,6673,5.48315517876889,5.567241120935113,1.206399249420634,1.1298157590668991,5.7,5.7,0.08408594216622234,0.07218573580691867,negligible,0.028945557378433726,0.20410101741347933,0.9365189505957389,8.760430008801414e-05,99,1106,5.579484960596762,5.689279462368467,0.10979450177170502,0.15225114888343103,-0.008170462971402155,0.2400055219057481,-0.031102470632321542,0.2646179532444973,0.23295663024694863,inconclusive_source_macro,newer higher / more burdensome,0.00011946040921092838,0.2076152030228605
V0,V2,V2-V0,V_false,Verification if false,execution,burden,5426,6673,5.2993180980464425,5.333193466207104,0.8276609066511886,0.7530093151232189,5.3,5.2,0.03387536816066117,0.04302114356021746,negligible,0.023312142075422745,0.1516134027631362,0.9098041348479069,0.019760916011083422,99,1106,5.397874654179925,5.383267422340434,-0.014607231839491419,0.8162374832508456,-0.11443467135472378,0.08977091825768824,-0.1342552601887695,0.1131498603746773,0.1574726521912261,practically_equivalent_source_macro,newer higher / more burdensome,0.023248136483627554,0.8300720168652668
V0,V2,V2-V0,F,Formalization burden,execution,burden,5426,6673,5.541909325469959,5.598921025026226,1.6257280436089592,1.3598226136796256,5.8,5.5,0.05701169955626728,0.03839010274361013,negligible,-0.0030153256360014933,0.4413545760351845,0.8364391689159466,0.039175540935254,99,1106,5.823198838040957,5.786079147484532,-0.037119690556425056,0.8026528853223188,-0.2798133996904782,0.20764320407022896,-0.32400013586614834,0.24991498348876334,0.2969940726887692,practically_equivalent_source_macro,newer higher / more burdensome,0.045202547232985384,0.8300720168652668
V0,V2,V2-V0,P,Prerequisite preparation,execution,burden,5426,6673,6.565241430151124,6.529731754832908,0.9727536603047153,1.0917090821277309,6.6,6.4,-0.035509675318215805,-0.034140274524262985,negligible,-0.03429055335138953,0.11917611000842974,1.1222873032271632,0.05875809763287512,99,1106,6.579609147022214,6.541660236493203,-0.03794891052901139,0.6575239879352499,-0.1776260331670687,0.10004125760273408,-0.20662319940757717,0.12675853884732144,0.20800930401838588,practically_equivalent_source_macro,newer lower / less burdensome,0.06528677514763903,0.7172988959293636
V0,V2,V2-V0,B,Breadth,execution,burden,5426,6673,1.8750460744563213,1.848344073130526,1.0779124079288984,0.9384956105876787,1.0,2.0,-0.026702001325795255,-0.026609428725066747,negligible,0.019737432631038845,0.13892117637525592,0.8706603650577738,0.15121635626644214,99,1106,1.6078226172394607,1.750649869763383,0.14282725252392225,0.04487363908693615,0.02171272809803855,0.25924831939393717,-0.0001371220393435122,0.27797347963358193,0.2006833447968735,inconclusive_source_macro,newer lower / less burdensome,0.16201752457118804,0.07478939847822691
V0,V2,V2-V0,L,Tool leverage,execution,favorable,5426,6673,4.864891264283082,4.814506219091863,1.1257294029362448,1.1198353203855287,4.5,4.5,-0.05038504519121911,-0.044884375375483,negligible,-0.047662875447094154,0.10010459930371712,0.994764210177559,0.014119201958675123,99,1106,4.822826362568359,4.749486154737015,-0.0733402078313441,0.34323965746046065,-0.2031467928159767,0.05231014843608988,-0.22851524693533445,0.07757260104942161,0.22449647963549202,practically_equivalent_source_macro,newer lower / less favorable,0.01721269666998474,0.4118875889525528
V0,V2,V2-V0,ambiguity,Ambiguity,context,burden,5426,6673,2.18046443051972,1.5273340326689644,1.0596242469069856,1.0104901130893147,2.3,1.5,-0.6531303978507557,-0.6323403865203434,moderate,-0.5736326844087133,0.6681232593135304,0.95363060635778,1.049111442054587e-259,99,1106,2.3283667699775106,1.5534555191781048,-0.7749112507994058,4.248569235738923e-43,-0.8709765631424861,-0.6830395772394383,-0.8882441007509833,-0.6670828601993525,0.20656276828337283,different_source_macro,newer lower / less burdensome,6.994076280363913e-259,4.2485692357389234e-42
V0,V2,V2-V0,literature,Literature load,context,context,5426,6673,2.782620715075562,3.060737299565412,1.0455568607300392,0.3215792985823238,2.5,3.0,0.2781165844898501,0.3759175557932825,small,0.6734658193404066,0.6636277484417816,0.3075674893068824,1.6313862810398753e-79,99,1106,2.6729391098883184,3.0618822109798907,0.38894310109157226,1.63464537111089e-07,0.261230609017466,0.4997567678056908,0.23142767449819746,0.5183653491322179,0.14795762365514653,different_source_macro,newer higher (context signal),4.661103660113929e-79,4.670415346031115e-07
V0,V2,V2-V0,collection_prior,Collection-barrier prior,context,context,5426,6673,5.6762255805381505,6.0,0.9643997775068143,0.0,5.6,6.0,0.3237744194618495,0.501299733519015,moderate,0.7067821599705123,0.7437891632878735,0.0,5.0804185994303203e-135,99,1106,5.739817472790887,6.0,0.26018252720911317,0.0004209271882228094,0.1319563431796918,0.37094186265794266,0.10796197266785597,0.3882922471959077,0.12916597546741534,different_source_macro,newer higher (context signal),1.90515697478637e-134,0.000935393751606243
V1,V2,V2-V1,D,Intrinsic difficulty,intrinsic,burden,3359,6673,5.775349806490027,5.831440131874719,0.4504510888384969,0.537734369784882,5.8,5.9,0.05609032538469183,0.10993446921244254,very_small,0.05725351330050087,0.08447911667601395,1.1937686090879434,3.6496776869053244e-08,162,1106,5.825730022902114,5.833157952909803,0.007427930007689376,0.7884590625129475,-0.039839976567189295,0.05226799148413901,-0.050837026829067856,0.060013089996861634,0.10203556989925736,practically_equivalent_source_macro,newer higher / more burdensome,5.762648979324197e-08,0.8299569079083658
V1,V2,V2-V1,CG,Conceptual gap,intrinsic,burden,3359,6673,2.407859481988687,2.4862130975573207,0.2626958044368071,0.2984350682381807,2.5,2.5,0.07835361556863374,0.2730212443631161,small,0.13307424930537484,0.08012179290049565,1.136048095164652,2.723925041928987e-41,162,1106,2.4030133385121677,2.486870850851002,0.0838575123388341,2.553815098651142e-11,0.06376745437247307,0.10386187015516476,0.059303958015551675,0.10735387007079358,0.0573931575625361,different_source_macro,newer higher / more burdensome,6.285980865989969e-41,9.576806619941782e-11
V1,V2,V2-V1,RG,Route gap,intrinsic,burden,3359,6673,2.1738612682345937,2.3129776712123484,0.3023459099126635,0.29307968794879163,2.0,2.5,0.13911640297775474,0.4696127766942984,small,0.2658956724068372,0.14143310654520957,0.969352249658186,5.2791005845867274e-107,162,1106,2.1921931332893494,2.3161451807929643,0.12395204750361488,4.0333888669396232e-22,0.10328231829514907,0.1440485392406023,0.0990000964773762,0.14883372422557378,0.059242851599994206,different_source_macro,newer higher / more burdensome,1.6670843951326507e-106,2.420033320163774e-21
V1,V2,V2-V1,TD,Technical depth,intrinsic,burden,3359,6673,2.869604048824055,2.7244118087816576,0.4848467867343168,0.49354242993718545,3.0,2.5,-0.14519224004239728,-0.29589702987172667,small,-0.16313638691055346,0.14519224004239725,1.0179348269201454,5.804175526887916e-45,162,1106,2.96902910741191,2.723586463372471,-0.24544264403943883,9.483731372726173e-11,-0.3081182936129614,-0.18264071302592638,-0.32166160224835694,-0.17088175391826804,0.09812966557133573,different_source_macro,newer lower / less burdensome,1.3930021264530998e-44,3.3471993080210024e-10
V1,V2,V2-V1,KB,Known barrier,intrinsic,burden,3359,6673,1.461446859184281,1.4579649333133524,0.2912038680253708,0.4643235913145038,1.5,1.5,-0.0034819258709286594,-0.008399773674361198,negligible,-0.07619781154316023,0.17936285922835948,1.5944966475309668,0.6462584453009044,162,1106,1.4510707661105071,1.4528701763146425,0.001799410204135432,0.9123439517627445,-0.025131538214839398,0.0284016454333591,-0.03024059397335004,0.033266165573501594,0.08289903123737186,practically_equivalent_source_macro,newer lower / less burdensome,0.6462584453009044,0.9123439517627445
V1,V2,V2-V1,SS,Search scale,intrinsic,burden,3359,6673,2.8655849955343853,2.858834107597782,0.3198615066054587,0.3184291784529402,3.0,3.0,-0.006750887936603167,-0.02116708521253956,negligible,-0.00467663787279429,0.008448263224066378,0.9955220364972356,0.31773238979455387,162,1106,2.8632607683867572,2.8706092902161684,0.007348521829411148,0.6208880602994661,-0.0172589121744815,0.03176754525302693,-0.022004467505828917,0.036770930003333105,0.0637818863962704,practically_equivalent_source_macro,newer lower / less burdensome,0.334455147152162,0.6898756225549624
V1,V2,V2-V1,AI_adj,AI-relative adjustment,protocol,burden,3359,6673,-0.13694551949985115,-0.10040461561516559,0.6777553476042041,0.7192673075865923,-0.5,0.0,0.03654090388468556,0.051780093902230165,negligible,0.018359277947634773,0.05930940480018233,1.0612491810343199,0.012551509835366832,162,1106,-0.09777394961431236,-0.023568011164073022,0.07420593845023934,0.14426321399343922,-0.013356498073970605,0.1580032953363799,-0.03147705669166612,0.17524097198290342,0.14112825486523847,inconclusive_source_macro,newer higher / more burdensome,0.015950311212021694,0.20132354524261753
V1,V2,V2-V1,AI_D,AI difficulty,protocol,burden,3359,6673,5.638285203929741,5.730256256556271,1.021341146519781,1.100536798237466,5.6,5.6,0.09197105262652983,0.0855741390402338,negligible,0.04305589654103684,0.10916537595327902,1.0775408412630239,3.381209395232412e-05,162,1106,5.727718903300802,5.808309494885805,0.08059059158500315,0.27304496119325544,-0.04088141807356278,0.19782466190962567,-0.06453951877493758,0.22101497071930465,0.214934503085136,practically_equivalent_source_macro,newer higher / more burdensome,4.8302991360463026e-05,0.3343407688080679
V1,V2,V2-V1,H,Human-effort prior,context,context,3359,6673,1.844298898481691,3.6051251311254306,0.50887546200093,0.7616505883817728,2.0,4.0,1.7608262326437396,2.561191031585129,large,0.9581657175608744,1.7608262326437403,1.496732786813723,0.0,162,1106,1.8232244607003572,3.636867476216315,1.8136430155159577,0.0,1.76312978355201,1.8639013624338556,1.7523304140195586,1.873680585984852,0.13749029577895883,different_source_macro,newer higher (context signal),0.0,0.0
V1,V2,V2-V1,X,Exposure,context,context,3359,6673,3.0014885382554333,3.0038962985164095,0.05174891650994439,0.0881962673276459,3.0,3.0,0.0024077602609762216,0.03089966526496178,negligible,0.001055606283884433,0.0024077602609763327,1.7043113803300127,0.08569699908215361,162,1106,3.001048979262487,3.0029439575278447,0.0018949782653576719,0.11327045427693014,3.2628805718926135e-05,0.003939173020099295,-0.0002563031055845432,0.004366021142410792,0.015583212270746983,practically_equivalent_source_macro,newer higher (context signal),0.09348763536234939,0.16576164040526362
V1,V2,V2-V1,T,100-hour tractability,protocol,favorable,2817,6606,5.697195598154065,5.316227671813503,1.0184219084808608,1.1082513723210838,6.0,5.0,-0.38096792634056165,-0.3520087024011557,small,-0.1873967373600295,0.380967926340562,1.0882045673724932,6.52583989891669e-59,159,1103,5.650498542412764,5.226892200644637,-0.42360634176812706,2.18342709615382e-08,-0.5450666461118457,-0.2994896414964797,-0.5692553035492322,-0.27761258073586836,0.216436465528021,different_source_macro,newer lower / less favorable,1.7023930171087017e-58,6.550281288461459e-08
V1,V2,V2-V1,V_true,Verification if true,execution,burden,3359,6673,5.6674903245013395,5.567241120935113,1.2154173815551612,1.1298157590668991,5.8,5.7,-0.1002492035662268,-0.08647647430088015,negligible,-0.08711881497632325,0.16122150613660097,0.929570184047613,6.590176008277477e-05,162,1106,5.709023604599881,5.689279462368467,-0.01974414223141352,0.7330649175247481,-0.11623084032044675,0.07420147714972371,-0.1327323726575955,0.09013487393087719,0.23183578652603531,practically_equivalent_source_macro,newer lower / less burdensome,9.195594430154619e-05,0.7854266973479443
V1,V2,V2-V1,V_false,Verification if false,execution,burden,3359,6673,5.518993748139328,5.333193466207104,0.795929975668072,0.7530093151232189,5.4,5.2,-0.18580028193222464,-0.24202084206363167,small,-0.1571295004190794,0.18814194243958862,0.9460748283681272,2.7955893758503415e-29,162,1106,5.581483426649648,5.383267422340434,-0.19821600430921382,0.00016924133582321037,-0.28900658804763324,-0.11053366472905232,-0.3065302590557287,-0.09477758898133007,0.15352924703563606,inconclusive_source_macro,newer lower / less burdensome,5.783978019000706e-29,0.00039055692882279317
V1,V2,V2-V1,F,Formalization burden,execution,burden,3359,6673,5.86883000893123,5.598921025026226,1.4355590583416025,1.3598226136796256,6.0,5.5,-0.26990898390500373,-0.19477557227210188,very_small,-0.11782428306684119,0.2750814948484263,0.9472425434384638,1.5080179034127743e-19,162,1106,5.95341584688874,5.786079147484532,-0.16733669940420803,0.14428187409054255,-0.35015555897183576,0.018941128693267563,-0.3818288200538525,0.05472564850054744,0.27712797619096136,inconclusive_source_macro,newer lower / less burdensome,2.7418507334777713e-19,0.20132354524261753
V1,V2,V2-V1,P,Prerequisite preparation,execution,burden,3359,6673,7.0824947901161055,6.529731754832908,1.0555577257854751,1.0917090821277309,7.0,6.4,-0.5527630352831974,-0.5119023241191678,moderate,-0.2838846114946383,0.5527630352831973,1.0342485829615375,3.136590040555891e-132,162,1106,7.259667730087678,6.541660236493203,-0.7180074935944747,2.392301523861366e-16,-0.8647600403629315,-0.5802413394346486,-0.8913078320084669,-0.5523743936247137,0.21594811157618385,different_source_macro,newer lower / less burdensome,1.1070317790197262e-131,1.196150761930683e-15
V1,V2,V2-V1,B,Breadth,execution,burden,3359,6673,2.430782971122358,1.848344073130526,0.8579337618498545,0.9384956105876787,2.0,2.0,-0.5824388979918318,-0.6383699374006372,moderate,-0.37019774649629145,0.5824388979918319,1.093902177907207,4.0830428090856395e-212,162,1106,2.569054182137151,1.750649869763383,-0.8184043123737681,3.342556922207671e-35,-0.9297751351022094,-0.7077911546589225,-0.9526369755536297,-0.6870621701683136,0.18246327420026343,different_source_macro,newer lower / less burdensome,2.449825685451384e-211,2.865048790463718e-34
V1,V2,V2-V1,L,Tool leverage,execution,favorable,3359,6673,4.803542721047931,4.814506219091863,1.119759695358018,1.1198353203855287,4.5,4.5,0.010963498043931708,0.009789766300275244,negligible,0.0041537645518388965,0.04721898983105076,1.000067536836541,0.6435131217722976,162,1106,4.889621899961686,4.749486154737015,-0.14013574522467032,0.02881218413304592,-0.24605644271782853,-0.03356795976936935,-0.2614366833856881,-0.012723390409772922,0.22396200040535683,inconclusive_source_macro,newer higher / more favorable,0.6462584453009044,0.05238578933281076
V1,V2,V2-V1,ambiguity,Ambiguity,context,burden,3359,6673,1.9060434653170588,1.5273340326689644,1.1607702303177998,1.0104901130893147,1.5,1.5,-0.3787094326480944,-0.35618072334171075,small,-0.2351129332760552,0.37870943264809404,0.8705341390540823,3.111547878887722e-58,162,1106,2.070094225431433,1.5534555191781048,-0.5166387062533284,2.307647034128254e-15,-0.6283044218871997,-0.41436798460056185,-0.6512148122918096,-0.3948087977580146,0.21263425495727933,different_source_macro,newer lower / less burdensome,7.778869697219305e-58,1.0650678619053479e-14
V1,V2,V2-V1,literature,Literature load,context,context,3359,6673,2.063590354272105,3.060737299565412,0.27475534643627625,0.3215792985823238,2.0,3.0,0.997146945293307,3.250970604324598,large,0.9471042253830281,0.997146945293308,1.1704205314050455,0.0,162,1106,2.142636133822266,3.0618822109798907,0.9192460771576245,7.733790046649854e-300,0.8773858496220059,0.9594842422652907,0.8699498625102251,0.9660726726157739,0.06133998134431168,different_source_macro,newer higher (context signal),0.0,2.3201370139949565e-298
V1,V2,V2-V1,collection_prior,Collection-barrier prior,context,context,3359,6673,6.147305745757666,6.0,0.7010060661395698,0.0,6.0,6.0,-0.14730574575766564,-0.3631412255289837,small,-0.05090800833581423,0.2837749330157786,0.0,4.033899375014029e-34,162,1106,6.099720419307435,6.0,-0.09972041930743458,0.0028008262582908624,-0.15366150131472392,-0.04424515002188677,-0.16332036525766505,-0.03357803112098219,0.08112256072401293,inconclusive_source_macro,newer lower (context signal),8.644070089315775e-34,0.0057948129481879915
